"","code","name"
"1",110101,"东城区"
"2",110102,"西城区"
"3",110103,"崇文区"
"4",110104,"宣武区"
"5",110105,"朝阳区"
"6",110106,"丰台区"
"7",110107,"石景山"
"8",110108,"海淀区"
"9",110109,"门头沟"
"10",110111,"房山区"
"11",110112,"通州区"
"12",110113,"顺义区"
"13",110221,"昌平县"
"14",110224,"大兴县"
"15",110226,"平谷县"
"16",110227,"怀柔县"
"17",110228,"密云县"
"18",110229,"延庆县"
"19",120101,"和平区"
"20",120102,"河东区"
"21",120103,"河西区"
"22",120104,"南开区"
"23",120105,"河北区"
"24",120106,"红桥区"
"25",120107,"塘沽区"
"26",120108,"汉沽区"
"27",120109,"大港区"
"28",120110,"东丽区"
"29",120111,"西青区"
"30",120112,"津南区"
"31",120113,"北辰区"
"32",120221,"宁河县"
"33",120222,"武清县"
"34",120223,"静海县"
"35",120224,"宝坻县"
"36",120225,"蓟县"
"37",130101,"市辖区"
"38",130102,"长安区"
"39",130103,"桥东区"
"40",130104,"桥西区"
"41",130105,"新华区"
"42",130106,"郊区"
"43",130107,"井陉矿"
"44",130121,"井陉县"
"45",130123,"正定县"
"46",130124,"栾城县"
"47",130125,"行唐县"
"48",130126,"灵寿县"
"49",130127,"高邑县"
"50",130128,"深泽县"
"51",130129,"赞皇县"
"52",130130,"无极县"
"53",130131,"平山县"
"54",130132,"元氏县"
"55",130133,"赵县"
"56",130181,"辛集市"
"57",130182,"藁城市"
"58",130183,"晋州市"
"59",130184,"新乐市"
"60",130185,"鹿泉市"
"61",130201,"市辖区"
"62",130202,"路南区"
"63",130203,"路北区"
"64",130204,"古冶区"
"65",130205,"开平区"
"66",130206,"新区"
"67",130221,"丰润县"
"68",130223,"滦县"
"69",130224,"滦南县"
"70",130225,"乐亭县"
"71",130227,"迁西县"
"72",130229,"玉田县"
"73",130230,"唐海县"
"74",130281,"遵化市"
"75",130282,"丰南市"
"76",130283,"迁安市"
"77",130301,"市辖区"
"78",130302,"海港区"
"79",130303,"山海关区"
"80",130304,"北戴河区"
"81",130321,"青龙县"
"82",130322,"昌黎县"
"83",130323,"抚宁县"
"84",130324,"卢龙县"
"85",130401,"市辖区"
"86",130402,"邯山区"
"87",130403,"丛台区"
"88",130404,"复兴区"
"89",130406,"峰峰矿区"
"90",130421,"邯郸县"
"91",130423,"临漳县"
"92",130424,"成安县"
"93",130425,"大名县"
"94",130426,"涉县"
"95",130427,"磁县"
"96",130428,"肥乡县"
"97",130429,"永年县"
"98",130430,"邱县"
"99",130431,"鸡泽县"
"100",130432,"广平县"
"101",130433,"馆陶县"
"102",130434,"魏县"
"103",130435,"曲周县"
"104",130481,"武安市"
"105",130501,"市辖区"
"106",130502,"桥东区"
"107",130503,"桥西区"
"108",130521,"邢台县"
"109",130522,"临城县"
"110",130523,"内丘县"
"111",130524,"柏乡县"
"112",130525,"隆尧县"
"113",130526,"任县"
"114",130527,"南和县"
"115",130528,"宁晋县"
"116",130529,"巨鹿县"
"117",130530,"新河县"
"118",130531,"广宗县"
"119",130532,"平乡县"
"120",130533,"威县"
"121",130534,"清河县"
"122",130535,"临西县"
"123",130581,"南宫市"
"124",130582,"沙河市"
"125",130601,"市辖区"
"126",130602,"新市区"
"127",130603,"北市区"
"128",130604,"南市区"
"129",130621,"满城县"
"130",130622,"清苑县"
"131",130623,"涞水县"
"132",130624,"阜平县"
"133",130625,"徐水县"
"134",130626,"定兴县"
"135",130627,"唐县"
"136",130628,"高阳县"
"137",130629,"容城县"
"138",130630,"涞源县"
"139",130631,"望都县"
"140",130632,"安新县"
"141",130633,"易县"
"142",130634,"曲阳县"
"143",130635,"蠡县"
"144",130636,"顺平县"
"145",130637,"博野县"
"146",130638,"雄县"
"147",130681,"涿州市"
"148",130682,"定州市"
"149",130683,"安国市"
"150",130684,"高碑店"
"151",130701,"市辖区"
"152",130702,"桥东区"
"153",130703,"桥西区"
"154",130705,"宣化区"
"155",130706,"下花园"
"156",130721,"宣化县"
"157",130722,"张北县"
"158",130723,"康保县"
"159",130724,"沽源县"
"160",130725,"尚义县"
"161",130726,"蔚县"
"162",130727,"阳原县"
"163",130728,"怀安县"
"164",130729,"万全县"
"165",130730,"怀来县"
"166",130731,"涿鹿县"
"167",130732,"赤城县"
"168",130733,"崇礼县"
"169",130801,"市辖区"
"170",130802,"双桥区"
"171",130803,"双滦区"
"172",130804,"鹰手营"
"173",130821,"承德县"
"174",130822,"兴隆县"
"175",130823,"平泉县"
"176",130824,"滦平县"
"177",130825,"隆化县"
"178",130826,"丰宁县"
"179",130827,"宽城县"
"180",130828,"围场县"
"181",130901,"市辖区"
"182",130902,"新华区"
"183",130903,"运河区"
"184",130921,"沧县"
"185",130922,"青县"
"186",130923,"东光县"
"187",130924,"海兴县"
"188",130925,"盐山县"
"189",130926,"肃宁县"
"190",130927,"南皮县"
"191",130928,"吴桥县"
"192",130929,"献县"
"193",130930,"孟村县"
"194",130981,"泊头市"
"195",130982,"任丘市"
"196",130983,"黄骅市"
"197",130984,"河间市"
"198",131001,"市辖区"
"199",131002,"安次区"
"200",131022,"固安县"
"201",131023,"永清县"
"202",131024,"香河县"
"203",131025,"大城县"
"204",131026,"文安县"
"205",131028,"大厂县"
"206",131081,"霸州市"
"207",131082,"三河市"
"208",131101,"市辖区"
"209",131102,"桃城区"
"210",131121,"枣强县"
"211",131122,"武邑县"
"212",131123,"武强县"
"213",131124,"饶阳县"
"214",131125,"安平县"
"215",131126,"故城县"
"216",131127,"景县"
"217",131128,"阜城县"
"218",131181,"冀州市"
"219",131182,"深州市"
"220",140101,"市辖区"
"221",140105,"小店区"
"222",140106,"迎泽区"
"223",140107,"杏花岭"
"224",140108,"尖草坪"
"225",140109,"万柏林"
"226",140110,"晋源区"
"227",140121,"清徐县"
"228",140122,"阳曲县"
"229",140123,"娄烦县"
"230",140181,"古交市"
"231",140201,"市辖区"
"232",140202,"市城区"
"233",140203,"市矿区"
"234",140211,"南郊区"
"235",140212,"新荣区"
"236",140221,"阳高县"
"237",140222,"天镇县"
"238",140223,"广灵县"
"239",140224,"灵丘县"
"240",140225,"浑源县"
"241",140226,"左云县"
"242",140227,"大同县"
"243",140301,"市辖区"
"244",140302,"市城区"
"245",140303,"市矿区"
"246",140311,"市郊区"
"247",140321,"平定县"
"248",140322,"盂  县"
"249",140401,"市辖区"
"250",140402,"市城区"
"251",140411,"市郊区"
"252",140421,"长治县"
"253",140423,"襄垣县"
"254",140424,"屯留县"
"255",140425,"平顺县"
"256",140426,"黎城县"
"257",140427,"壶关县"
"258",140428,"长子县"
"259",140429,"武乡县"
"260",140430,"沁  县"
"261",140431,"沁源县"
"262",140481,"潞城县"
"263",140501,"市辖区"
"264",140502,"市城区"
"265",140521,"沁水县"
"266",140522,"阳城县"
"267",140524,"陵川县"
"268",140525,"泽州县"
"269",140581,"高平市"
"270",140601,"市辖区"
"271",140602,"朔城区"
"272",140603,"平鲁区"
"273",140621,"山阴县"
"274",140622,"应  县"
"275",140623,"右玉县"
"276",140624,"怀仁县"
"277",142201,"忻州市"
"278",142202,"原平市"
"279",142222,"定襄县"
"280",142223,"五台县"
"281",142225,"代  县"
"282",142226,"繁峙县"
"283",142227,"宁武县"
"284",142228,"静乐县"
"285",142229,"神池县"
"286",142230,"五寨县"
"287",142231,"岢岚县"
"288",142232,"河曲县"
"289",142233,"保德县"
"290",142234,"偏关县"
"291",142301,"孝义市"
"292",142302,"离石市"
"293",142303,"汾阳市"
"294",142322,"文水县"
"295",142323,"交城县"
"296",142325,"兴  县"
"297",142326,"临  县"
"298",142327,"柳林县"
"299",142328,"石楼县"
"300",142329,"岚  县"
"301",142330,"方山县"
"302",142332,"中阳县"
"303",142333,"交口县"
"304",142401,"榆次市"
"305",142402,"介休市"
"306",142421,"榆社县"
"307",142422,"左权县"
"308",142423,"和顺县"
"309",142424,"昔阳县"
"310",142427,"寿阳县"
"311",142429,"太谷县"
"312",142430,"祁  县"
"313",142431,"平遥县"
"314",142433,"灵石县"
"315",142601,"临汾市"
"316",142602,"侯马市"
"317",142603,"霍州市"
"318",142621,"曲沃县"
"319",142622,"翼城县"
"320",142623,"襄汾县"
"321",142625,"洪洞县"
"322",142627,"古  县"
"323",142628,"安泽县"
"324",142629,"浮山县"
"325",142630,"吉  县"
"326",142631,"乡宁县"
"327",142632,"蒲  县"
"328",142633,"大宁县"
"329",142634,"永和县"
"330",142635,"隰  县"
"331",142636,"汾西县"
"332",142701,"运城市"
"333",142702,"永济县"
"334",142703,"河津县"
"335",142723,"芮城县"
"336",142724,"临猗县"
"337",142725,"万荣县"
"338",142726,"新绛县"
"339",142727,"稷山县"
"340",142729,"闻喜县"
"341",142730,"夏  县"
"342",142731,"绛  县"
"343",142732,"平陆县"
"344",142733,"垣曲县"
"345",150101,"呼市辖"
"346",150102,"新城区"
"347",150103,"回民区"
"348",150104,"玉泉区"
"349",150105,"呼市郊"
"350",150121,"土默特左"
"351",150122,"托县"
"352",150123,"和林县"
"353",150124,"清水河"
"354",150125,"武川县"
"355",150201,"包头市"
"356",150202,"东河区"
"357",150203,"昆都伦"
"358",150204,"青山区"
"359",150205,"石拐矿"
"360",150206,"白云矿"
"361",150207,"包头郊"
"362",150221,"土默特右"
"363",150222,"固阳县"
"364",150223,"达茂旗"
"365",150301,"市辖区"
"366",150302,"海勃湾"
"367",150303,"海南区"
"368",150304,"乌达区"
"369",150401,"市辖区"
"370",150402,"红山区"
"371",150403,"元宝山"
"372",150404,"松山区"
"373",150421,"阿鲁旗"
"374",150422,"巴林左"
"375",150423,"巴林右"
"376",150424,"林西县"
"377",150425,"克什克"
"378",150426,"翁牛特"
"379",150428,"喀拉沁"
"380",150429,"宁城县"
"381",150430,"敖汉旗"
"382",152101,"海拉尔"
"383",152102,"满洲里"
"384",152103,"扎兰屯"
"385",152104,"牙克石"
"386",152105,"根河市"
"387",152106,"额尔古"
"388",152122,"阿荣旗"
"389",152123,"莫力达"
"390",152127,"鄂伦春"
"391",152128,"鄂温克"
"392",152129,"新巴右"
"393",152130,"新巴左"
"394",152131,"陈巴尔"
"395",152201,"乌兰浩"
"396",152202,"阿尔山"
"397",152221,"科右前"
"398",152222,"科右中"
"399",152223,"扎赉特"
"400",152224,"突泉县"
"401",152301,"通辽市"
"402",152302,"霍林河"
"403",152322,"科左中"
"404",152323,"科左后"
"405",152324,"开鲁县"
"406",152325,"库伦旗"
"407",152326,"奈曼旗"
"408",152327,"扎鲁特"
"409",152501,"二连市"
"410",152502,"锡林浩"
"411",152522,"阿巴嘎"
"412",152523,"苏尼特左"
"413",152524,"苏尼特右"
"414",152525,"东乌旗"
"415",152526,"西乌旗"
"416",152527,"太仆寺"
"417",152528,"镶黄旗"
"418",152529,"正镶白"
"419",152530,"正蓝旗"
"420",152531,"多伦县"
"421",152601,"集宁市"
"422",152602,"丰镇市"
"423",152624,"卓资县"
"424",152625,"化德县"
"425",152626,"商都县"
"426",152627,"兴和县"
"427",152629,"凉城县"
"428",152630,"察右前"
"429",152631,"察右中"
"430",152632,"察右后"
"431",152634,"四子王"
"432",152701,"东胜市"
"433",152722,"达拉特旗"
"434",152723,"准格尔旗"
"435",152724,"鄂托克前"
"436",152725,"鄂托克旗"
"437",152726,"杭锦旗"
"438",152727,"乌审旗"
"439",152728,"伊金霍洛"
"440",152801,"临河市"
"441",152822,"五原县"
"442",152823,"磴口县"
"443",152824,"乌拉特前"
"444",152825,"乌拉特中"
"445",152826,"乌拉特后"
"446",152827,"杭锦后"
"447",152921,"阿拉善左"
"448",152922,"阿拉善右"
"449",152923,"额济纳"
"450",210101,"市辖区"
"451",210102,"和平区"
"452",210103,"沈河区"
"453",210104,"大东区"
"454",210105,"皇姑区"
"455",210106,"铁西区"
"456",210111,"苏家屯"
"457",210112,"东陵区"
"458",210113,"新城子"
"459",210114,"于洪区"
"460",210122,"辽中县"
"461",210123,"康平县"
"462",210124,"法库县"
"463",210181,"新民市"
"464",210201,"市辖区"
"465",210202,"中山区"
"466",210203,"西岗区"
"467",210204,"沙河口"
"468",210211,"甘井子"
"469",210212,"旅顺口"
"470",210213,"金州区"
"471",210224,"长海县"
"472",210281,"瓦房店"
"473",210282,"普兰店"
"474",210283,"庄河市"
"475",210301,"市辖区"
"476",210302,"铁东区"
"477",210303,"铁西区"
"478",210304,"立山区"
"479",210311,"千山区"
"480",210321,"台安县"
"481",210323,"岫岩县"
"482",210381,"海城市"
"483",210401,"市辖区"
"484",210402,"新抚区"
"485",210403,"露天区"
"486",210404,"望花区"
"487",210411,"顺城区"
"488",210421,"抚顺县"
"489",210422,"新宾县"
"490",210423,"清原县"
"491",210501,"市辖区"
"492",210502,"平山区"
"493",210503,"溪湖区"
"494",210504,"明山区"
"495",210505,"南分区"
"496",210521,"本溪县"
"497",210522,"桓仁县"
"498",210601,"市辖区"
"499",210602,"元宝区"
"500",210603,"振兴区"
"501",210604,"振安区"
"502",210624,"宽甸县"
"503",210681,"东港市"
"504",210682,"凤城市"
"505",210701,"市辖区"
"506",210702,"古塔区"
"507",210703,"凌河区"
"508",210711,"太和区"
"509",210726,"黑山县"
"510",210727,"义县"
"511",210781,"凌海市"
"512",210782,"北宁市"
"513",210801,"市辖区"
"514",210802,"站前区"
"515",210803,"西市区"
"516",210804,"拔鱼圈"
"517",210811,"老边区"
"518",210881,"盖州市"
"519",210882,"大石桥"
"520",210901,"市辖区"
"521",210902,"海州区"
"522",210903,"新邱区"
"523",210904,"太平区"
"524",210905,"清河门"
"525",210911,"细河区"
"526",210921,"阜新县"
"527",210922,"彰武县"
"528",211001,"市辖区"
"529",211002,"白塔区"
"530",211003,"文圣区"
"531",211004,"宏伟区"
"532",211005,"弓长岭"
"533",211011,"太子河"
"534",211021,"辽阳县"
"535",211081,"灯塔县"
"536",211101,"市辖区"
"537",211102,"双台子"
"538",211103,"兴隆台"
"539",211121,"大洼县"
"540",211122,"盘山县"
"541",211201,"市辖区"
"542",211202,"银州区"
"543",211204,"清河区"
"544",211221,"铁岭县"
"545",211223,"西丰县"
"546",211224,"昌图县"
"547",211281,"铁法市"
"548",211282,"开原市"
"549",211301,"市辖区"
"550",211302,"双塔区"
"551",211303,"龙城区"
"552",211321,"朝阳县"
"553",211322,"建平县"
"554",211324,"喀左县"
"555",211381,"北票市"
"556",211382,"凌源市"
"557",211401,"市辖区"
"558",211402,"莲山区"
"559",211403,"龙港区"
"560",211404,"南票区"
"561",211421,"绥中县"
"562",211422,"建昌县"
"563",211481,"兴城市"
"564",220101,"长春市"
"565",220102,"南关区"
"566",220103,"宽城区"
"567",220104,"朝阳区"
"568",220105,"二道区"
"569",220106,"绿园区"
"570",220112,"双阳区"
"571",220122,"农安县"
"572",220181,"九台市"
"573",220182,"榆树市"
"574",220183,"德惠市"
"575",220201,"吉林市辖"
"576",220202,"昌邑区"
"577",220203,"龙潭区"
"578",220204,"船营区"
"579",220211,"丰满区"
"580",220221,"永吉县"
"581",220281,"蛟河市"
"582",220282,"桦甸市"
"583",220283,"舒兰市"
"584",220284,"磐石市"
"585",220301,"四平市辖"
"586",220302,"铁西区"
"587",220303,"铁东区"
"588",220322,"梨树县"
"589",220323,"伊通自治"
"590",220381,"公主岭市"
"591",220382,"双辽市"
"592",220401,"辽源市辖"
"593",220402,"龙山区"
"594",220403,"西安区"
"595",220421,"东丰县"
"596",220422,"东辽县"
"597",220501,"通化市辖"
"598",220502,"东昌区"
"599",220503,"二道江"
"600",220521,"通化县"
"601",220523,"辉南县"
"602",220524,"柳河县"
"603",220581,"梅河口"
"604",220582,"集安市"
"605",220601,"白山市辖"
"606",220602,"八道江"
"607",220621,"抚松县"
"608",220622,"靖宇县"
"609",220623,"长白自治"
"610",220625,"江源县"
"611",220681,"临江市"
"612",220701,"市辖区"
"613",220702,"宁江区"
"614",220721,"前郭自治"
"615",220722,"长岭县"
"616",220723,"乾安县"
"617",220724,"扶余县"
"618",220801,"市辖区"
"619",220802,"洮北区"
"620",220821,"镇赉县"
"621",220822,"通榆县"
"622",220881,"洮南市"
"623",220882,"大安市"
"624",222401,"延吉市"
"625",222402,"图们市"
"626",222403,"敦化市"
"627",222404,"珲春市"
"628",222405,"龙井市"
"629",222406,"和龙市"
"630",222424,"汪清县"
"631",222426,"安图县"
"632",230101,"市辖区"
"633",230102,"道里区"
"634",230103,"南岗区"
"635",230104,"道外区"
"636",230105,"太平区"
"637",230106,"香坊区"
"638",230107,"动力区"
"639",230108,"平房区"
"640",230121,"呼兰县"
"641",230123,"依兰县"
"642",230124,"方正县"
"643",230125,"宾县"
"644",230126,"巴彦县"
"645",230127,"木兰县"
"646",230128,"通河县"
"647",230129,"延寿县"
"648",230181,"阿城市"
"649",230182,"双城市"
"650",230183,"尚志市"
"651",230184,"五常市"
"652",230201,"市辖区"
"653",230202,"龙沙区"
"654",230203,"建华区"
"655",230204,"铁峰区"
"656",230205,"昂昂溪"
"657",230206,"富拉尔"
"658",230207,"碾子山"
"659",230208,"梅里斯达"
"660",230221,"龙江县"
"661",230223,"依安县"
"662",230224,"泰来县"
"663",230225,"甘南县"
"664",230227,"富裕县"
"665",230229,"克山县"
"666",230230,"克东县"
"667",230231,"拜泉县"
"668",230281,"讷河市"
"669",230301,"鸡西市辖"
"670",230302,"鸡冠区"
"671",230303,"恒山区"
"672",230304,"滴道区"
"673",230305,"梨树区"
"674",230306,"城子河"
"675",230307,"麻山区"
"676",230321,"鸡东县"
"677",230381,"虎林市"
"678",230382,"密山市"
"679",230401,"鹤岗市辖"
"680",230402,"向阳区"
"681",230403,"工农区"
"682",230404,"南山区"
"683",230405,"兴安区"
"684",230406,"东山区"
"685",230407,"兴山区"
"686",230421,"萝北县"
"687",230422,"绥滨县"
"688",230501,"双鸭市辖"
"689",230502,"尖山区"
"690",230503,"岭东区"
"691",230505,"四方台"
"692",230506,"宝山区"
"693",230521,"集贤县"
"694",230522,"友谊县"
"695",230523,"宝清县"
"696",230524,"饶河县"
"697",230601,"大庆市辖"
"698",230602,"萨尔图"
"699",230603,"龙凤区"
"700",230604,"让胡路"
"701",230605,"红岗区"
"702",230606,"大同区"
"703",230621,"肇州县"
"704",230622,"肇源县"
"705",230623,"林甸县"
"706",230624,"杜蒙县"
"707",230701,"伊春市辖"
"708",230702,"伊春区"
"709",230703,"南岔区"
"710",230704,"友好区"
"711",230705,"西林区"
"712",230706,"翠峦区"
"713",230707,"新青区"
"714",230708,"美溪区"
"715",230709,"金山屯"
"716",230710,"五营区"
"717",230711,"乌马河"
"718",230712,"汤旺河"
"719",230713,"带岭区"
"720",230714,"乌伊岭"
"721",230715,"红星区"
"722",230716,"上甘岭"
"723",230722,"嘉荫县"
"724",230781,"铁力市"
"725",230801,"佳木市辖"
"726",230802,"永红区"
"727",230803,"向阳区"
"728",230804,"前进区"
"729",230805,"东风区"
"730",230811,"郊区"
"731",230822,"桦南县"
"732",230826,"桦川县"
"733",230828,"汤原县"
"734",230833,"抚远县"
"735",230881,"同江市"
"736",230882,"富锦市"
"737",230901,"七台市辖"
"738",230902,"新兴区"
"739",230903,"桃山区"
"740",230904,"茄子河"
"741",230921,"勃利县"
"742",231001,"牡丹市辖"
"743",231002,"东安区"
"744",231003,"阳明区"
"745",231004,"爱民区"
"746",231005,"西安区"
"747",231024,"东宁县"
"748",231025,"林口县"
"749",231081,"绥芬河"
"750",231083,"海林县"
"751",231084,"宁安县"
"752",231085,"穆棱县"
"753",231101,"黑河市辖"
"754",231102,"爱辉区"
"755",231121,"嫩江县"
"756",231123,"逊克县"
"757",231124,"孙吴县"
"758",231181,"北安市"
"759",231182,"五大连池"
"760",232301,"绥化市"
"761",232302,"安达市"
"762",232303,"肇东市"
"763",232304,"海伦市"
"764",232324,"望奎县"
"765",232325,"兰西县"
"766",232326,"青冈县"
"767",232330,"庆安县"
"768",232331,"明水县"
"769",232332,"绥棱县"
"770",232721,"呼玛县"
"771",232722,"塔河县"
"772",232723,"漠河县"
"773",310112,"闵行区"
"774",310113,"宝山区"
"775",310114,"嘉定区"
"776",310115,"浦东新"
"777",310116,"金山区"
"778",310117,"松江区"
"779",310225,"南汇县"
"780",310226,"奉贤县"
"781",310229,"青浦区"
"782",310230,"崇明县"
"783",320101,"南京市辖"
"784",320102,"玄武区"
"785",320103,"白下区"
"786",320104,"秦淮区"
"787",320105,"建邺区"
"788",320106,"鼓楼区"
"789",320107,"下关区"
"790",320111,"浦口区"
"791",320112,"大厂区"
"792",320114,"雨花台"
"793",320121,"江宁县"
"794",320122,"江浦县"
"795",320123,"六合县"
"796",320124,"溧水县"
"797",320125,"高淳县"
"798",320201,"无锡市辖"
"799",320202,"崇安区"
"800",320203,"南长区"
"801",320204,"北塘区"
"802",320211,"郊区"
"803",320212,"马山区"
"804",320281,"江阴市"
"805",320282,"宜兴市"
"806",320283,"锡山市"
"807",320301,"市辖区"
"808",320302,"鼓楼区"
"809",320303,"云龙区"
"810",320304,"九里区"
"811",320305,"贾汪区"
"812",320311,"泉山区"
"813",320321,"丰县"
"814",320322,"沛县"
"815",320323,"铜山县"
"816",320324,"睢宁县"
"817",320381,"新沂市"
"818",320382,"邳州市"
"819",320401,"常州市辖"
"820",320402,"天宁区"
"821",320404,"钟楼区"
"822",320405,"戚墅堰"
"823",320411,"郊区"
"824",320481,"溧阳市"
"825",320482,"金坛市"
"826",320483,"武进市"
"827",320501,"苏州市辖"
"828",320502,"沧浪区"
"829",320503,"平江区"
"830",320504,"金阊区"
"831",320511,"郊区"
"832",320581,"常熟市"
"833",320582,"张家港"
"834",320583,"昆山市"
"835",320584,"吴江市"
"836",320585,"太仓市"
"837",320586,"吴县市"
"838",320601,"南通市辖"
"839",320602,"崇川区"
"840",320611,"港闸区"
"841",320621,"海安县"
"842",320623,"如东县"
"843",320681,"启东市"
"844",320682,"如皋市"
"845",320683,"通州市"
"846",320684,"海门市"
"847",320701,"连云港辖"
"848",320703,"连云区"
"849",320704,"云台区"
"850",320705,"新浦区"
"851",320706,"海州区"
"852",320721,"赣榆县"
"853",320722,"东海县"
"854",320723,"灌云县"
"855",320724,"灌南县"
"856",320801,"淮阴市辖"
"857",320802,"清河区"
"858",320811,"清浦区"
"859",320821,"淮阴县"
"860",320826,"涟水县"
"861",320829,"洪泽县"
"862",320830,"盱眙县"
"863",320831,"金湖县"
"864",320882,"淮安市"
"865",320901,"盐城市辖"
"866",320902,"城区"
"867",320921,"响水县"
"868",320922,"滨海县"
"869",320923,"阜宁县"
"870",320924,"射阳县"
"871",320925,"建湖县"
"872",320928,"盐都县"
"873",320981,"东台市"
"874",320982,"大丰县"
"875",321001,"扬州市辖"
"876",321002,"广陵区"
"877",321011,"郊区"
"878",321023,"宝应县"
"879",321027,"邗江县"
"880",321081,"仪征市"
"881",321084,"高邮市"
"882",321088,"江都市"
"883",321101,"镇江市辖"
"884",321102,"京口区"
"885",321111,"润州区"
"886",321121,"丹徒县"
"887",321181,"丹阳市"
"888",321182,"扬中市"
"889",321183,"句容市"
"890",321201,"市辖区"
"891",321202,"海陵区"
"892",321203,"高港区"
"893",321281,"兴化市"
"894",321282,"靖江市"
"895",321283,"泰兴市"
"896",321284,"姜堰市"
"897",321301,"宿迁市辖"
"898",321302,"宿城区"
"899",321321,"宿豫县"
"900",321322,"沭阳县"
"901",321323,"泗阳县"
"902",321324,"泗洪县"
"903",330101,"杭州市辖"
"904",330122,"桐庐县"
"905",330127,"淳安县"
"906",330181,"萧山市"
"907",330182,"建德市"
"908",330183,"富阳市"
"909",330184,"余杭市"
"910",330185,"临安市"
"911",330201,"宁波市辖"
"912",330225,"象山县"
"913",330226,"宁海县"
"914",330227,"鄞县"
"915",330281,"余姚市"
"916",330282,"慈溪市"
"917",330283,"奉化市"
"918",330301,"温州市辖"
"919",330322,"洞头县"
"920",330324,"永嘉县"
"921",330326,"平阳县"
"922",330327,"苍南县"
"923",330328,"文成县"
"924",330329,"泰顺县"
"925",330381,"瑞安市"
"926",330382,"乐清市"
"927",330401,"嘉兴市辖"
"928",330421,"嘉善县"
"929",330424,"海盐县"
"930",330481,"海宁市"
"931",330482,"平湖市"
"932",330483,"桐乡市"
"933",330501,"湖州市辖"
"934",330521,"德清县"
"935",330522,"长兴县"
"936",330523,"安吉县"
"937",330601,"绍兴市辖"
"938",330621,"绍兴县"
"939",330624,"新昌县"
"940",330681,"诸暨市"
"941",330682,"上虞市"
"942",330683,"嵊州市"
"943",330701,"金华市辖"
"944",330721,"金华县"
"945",330723,"武义县"
"946",330726,"浦江县"
"947",330727,"磐安县"
"948",330781,"兰溪市"
"949",330782,"义乌市"
"950",330783,"东阳市"
"951",330784,"永康市"
"952",330801,"衢州市辖"
"953",330821,"衢县"
"954",330822,"常山县"
"955",330824,"开化县"
"956",330825,"龙游县"
"957",330881,"江山市"
"958",330901,"舟山市辖"
"959",330921,"岱山县"
"960",330922,"嵊泗县"
"961",331001,"台州市辖"
"962",331021,"玉环县"
"963",331022,"三门县"
"964",331023,"天台县"
"965",331024,"仙居县"
"966",331081,"温岭市"
"967",331082,"临海市"
"968",332501,"丽水市"
"969",332502,"龙泉市"
"970",332522,"青田县"
"971",332523,"云和县"
"972",332525,"庆元县"
"973",332526,"缙云县"
"974",332527,"遂昌县"
"975",332528,"松阳县"
"976",332529,"景宁县"
"977",340101,"合肥市辖"
"978",340111,"蜀山镇"
"979",340112,"经济开发"
"980",340121,"长丰县"
"981",340122,"肥东县"
"982",340123,"肥西县"
"983",340201,"芜湖市辖"
"984",340221,"芜湖县"
"985",340222,"繁昌县"
"986",340223,"南陵县"
"987",340301,"蚌埠市辖"
"988",340321,"怀远县"
"989",340322,"五河县"
"990",340323,"固镇县"
"991",340401,"淮南市辖"
"992",340421,"凤台县"
"993",340501,"马鞍山辖"
"994",340521,"当涂县"
"995",340601,"淮北市辖"
"996",340621,"濉溪县"
"997",340701,"铜陵市辖"
"998",340721,"铜陵县"
"999",340801,"安庆市辖"
"1000",340822,"怀宁县"
"1001",340823,"枞阳县"
"1002",340824,"潜山县"
"1003",340825,"太湖县"
"1004",340826,"宿松县"
"1005",340827,"望江县"
"1006",340828,"岳西县"
"1007",340881,"桐城市"
"1008",341002,"屯溪区"
"1009",341003,"黄山区"
"1010",341004,"徽州区"
"1011",341021,"歙县"
"1012",341022,"休宁县"
"1013",341023,"黟县"
"1014",341024,"祁门县"
"1015",341102,"琅琊区"
"1016",341103,"南谯区"
"1017",341122,"来安县"
"1018",341124,"全椒县"
"1019",341125,"定远县"
"1020",341126,"凤阳县"
"1021",341181,"天长市"
"1022",341182,"明光市"
"1023",341201,"阜阳市辖"
"1024",341202,"颖州区"
"1025",341203,"颍东区"
"1026",341204,"颍泉区"
"1027",341221,"临泉县"
"1028",341222,"太和县"
"1029",341223,"涡阳县"
"1030",341224,"蒙城县"
"1031",341225,"阜南县"
"1032",341226,"颍上县"
"1033",341227,"利辛县"
"1034",341282,"界首市"
"1035",341302,"俑桥区"
"1036",341321,"砀山县"
"1037",341322,"萧县"
"1038",341323,"灵璧县"
"1039",341324,"泗县"
"1040",342401,"六安市"
"1041",342422,"寿县"
"1042",342423,"霍邱县"
"1043",342425,"舒城县"
"1044",342426,"金寨县"
"1045",342427,"霍山县"
"1046",342481,"叶集试验区"
"1047",342501,"宣州市"
"1048",342502,"宁国市"
"1049",342522,"郎溪县"
"1050",342523,"广德县"
"1051",342529,"泾县"
"1052",342530,"旌德县"
"1053",342531,"绩溪县"
"1054",342601,"巢湖市"
"1055",342622,"庐江县"
"1056",342623,"无为县"
"1057",342625,"含山县"
"1058",342626,"和县"
"1059",342901,"贵池市"
"1060",342921,"东至县"
"1061",342922,"石台县"
"1062",342923,"青阳县"
"1063",342924,"九华山镇"
"1064",350101,"福州市辖"
"1065",350102,"鼓楼区"
"1066",350103,"台江区"
"1067",350104,"仓山区"
"1068",350105,"马尾区"
"1069",350111,"晋安区"
"1070",350121,"闽侯县"
"1071",350122,"连江县"
"1072",350123,"罗源县"
"1073",350124,"闽清县"
"1074",350125,"永泰县"
"1075",350128,"平潭县"
"1076",350181,"福清市"
"1077",350182,"长乐市"
"1078",350201,"厦门市辖"
"1079",350202,"鼓浪屿"
"1080",350203,"思明区"
"1081",350204,"开元区"
"1082",350205,"杏林区"
"1083",350206,"湖里区"
"1084",350211,"集美区"
"1085",350212,"同安区"
"1086",350301,"莆田市辖"
"1087",350302,"城厢区"
"1088",350303,"涵江区"
"1089",350321,"莆田县"
"1090",350322,"仙游县"
"1091",350401,"三明市辖"
"1092",350402,"梅列区"
"1093",350403,"三元区"
"1094",350421,"明溪县"
"1095",350423,"清流县"
"1096",350424,"宁化县"
"1097",350425,"大田县"
"1098",350426,"尤溪县"
"1099",350427,"沙县"
"1100",350428,"将乐县"
"1101",350429,"泰宁县"
"1102",350430,"建宁县"
"1103",350481,"永安市"
"1104",350501,"泉州市辖"
"1105",350502,"鲤城区"
"1106",350503,"丰泽区"
"1107",350504,"洛江区"
"1108",350521,"惠安县"
"1109",350524,"安溪县"
"1110",350525,"永春县"
"1111",350526,"德化县"
"1112",350527,"金门县"
"1113",350581,"石狮市"
"1114",350582,"晋江市"
"1115",350583,"南安市"
"1116",350601,"漳州市辖"
"1117",350602,"芗城区"
"1118",350603,"龙文区"
"1119",350622,"云霄县"
"1120",350623,"漳浦县"
"1121",350624,"诏安县"
"1122",350625,"长泰县"
"1123",350626,"东山县"
"1124",350627,"南靖县"
"1125",350628,"平和县"
"1126",350629,"华安县"
"1127",350681,"龙海市"
"1128",350701,"南平市辖"
"1129",350702,"延平区"
"1130",350721,"顺昌县"
"1131",350722,"浦城县"
"1132",350723,"光泽县"
"1133",350724,"松溪县"
"1134",350725,"政和县"
"1135",350781,"邵武市"
"1136",350782,"武夷山"
"1137",350783,"建瓯市"
"1138",350784,"建阳市"
"1139",350801,"龙岩市辖"
"1140",350802,"新罗区"
"1141",350821,"长汀县"
"1142",350822,"永定县"
"1143",350823,"上杭县"
"1144",350824,"武平县"
"1145",350825,"连城县"
"1146",350881,"漳平市"
"1147",352201,"宁德市"
"1148",352202,"福安市"
"1149",352203,"福鼎市"
"1150",352225,"霞浦县"
"1151",352227,"古田县"
"1152",352228,"屏南县"
"1153",352229,"寿宁县"
"1154",352230,"周宁县"
"1155",352231,"柘荣县"
"1156",360101,"南昌市辖区"
"1157",360102,"东湖区"
"1158",360103,"西湖区"
"1159",360104,"青云谱"
"1160",360105,"湾里区"
"1161",360111,"南昌市郊"
"1162",360121,"南昌县"
"1163",360122,"新建县"
"1164",360123,"安义县"
"1165",360124,"进贤县"
"1166",360201,"景德市辖区"
"1167",360202,"昌江区"
"1168",360203,"珠山区"
"1169",360222,"浮梁县"
"1170",360281,"乐平市"
"1171",360301,"萍乡市辖区"
"1172",360302,"安源区"
"1173",360313,"湘东区"
"1174",360321,"莲花县"
"1175",360322,"上栗县"
"1176",360323,"芦溪县"
"1177",360401,"九江市辖区"
"1178",360402,"庐山区"
"1179",360403,"浔阳区"
"1180",360421,"九江县"
"1181",360423,"武宁县"
"1182",360424,"修水县"
"1183",360425,"永修县"
"1184",360426,"德安县"
"1185",360427,"星子县"
"1186",360428,"都昌县"
"1187",360429,"湖口县"
"1188",360430,"彭泽县"
"1189",360481,"瑞昌市"
"1190",360501,"新余市辖区"
"1191",360502,"渝水区"
"1192",360521,"分宜县"
"1193",360601,"鹰潭市辖区"
"1194",360602,"月湖区"
"1195",360622,"余江县"
"1196",360681,"贵溪市"
"1197",360701,"赣州市辖区"
"1198",360702,"章贡区"
"1199",360721,"赣县"
"1200",360722,"信丰县"
"1201",360723,"大余县"
"1202",360724,"上犹县"
"1203",360725,"崇义县"
"1204",360726,"安远县"
"1205",360727,"龙南县"
"1206",360728,"定南县"
"1207",360729,"全南县"
"1208",360730,"宁都县"
"1209",360731,"于都县"
"1210",360732,"兴国县"
"1211",360733,"会昌县"
"1212",360734,"寻乌县"
"1213",360735,"石城县"
"1214",360781,"瑞金市"
"1215",360782,"南康市"
"1216",362201,"宜春市"
"1217",362202,"丰城市"
"1218",362203,"樟树市"
"1219",362204,"高安市"
"1220",362226,"奉新县"
"1221",362227,"万载县"
"1222",362228,"上高县"
"1223",362229,"宜丰县"
"1224",362232,"靖安县"
"1225",362233,"铜鼓县"
"1226",362301,"上饶市"
"1227",362302,"德兴市"
"1228",362321,"上饶县"
"1229",362322,"广丰县"
"1230",362323,"玉山县"
"1231",362324,"铅山县"
"1232",362325,"横峰县"
"1233",362326,"弋阳县"
"1234",362329,"余干县"
"1235",362330,"波阳县"
"1236",362331,"万年县"
"1237",362334,"婺源县"
"1238",362401,"吉安市"
"1239",362402,"井冈山市"
"1240",362421,"吉安县"
"1241",362422,"吉水县"
"1242",362423,"峡江县"
"1243",362424,"新干县"
"1244",362425,"永丰县"
"1245",362426,"泰和县"
"1246",362427,"遂川县"
"1247",362428,"万安县"
"1248",362429,"安福县"
"1249",362430,"永新县"
"1250",362432,"宁冈县"
"1251",362502,"临川市"
"1252",362522,"南城县"
"1253",362523,"黎川县"
"1254",362524,"南丰县"
"1255",362525,"崇仁县"
"1256",362526,"乐安县"
"1257",362527,"宜黄县"
"1258",362528,"金溪县"
"1259",362529,"资溪县"
"1260",362531,"东乡县"
"1261",362532,"广昌县"
"1262",370101,"济南市辖"
"1263",370102,"历下区"
"1264",370103,"济南市中"
"1265",370104,"槐荫区"
"1266",370105,"天桥区"
"1267",370112,"历城区"
"1268",370123,"长清县"
"1269",370124,"平阴县"
"1270",370125,"济阳县"
"1271",370126,"商河县"
"1272",370181,"章丘市"
"1273",370201,"青岛市辖"
"1274",370202,"市南区"
"1275",370203,"市北区"
"1276",370205,"四方区"
"1277",370211,"黄岛区"
"1278",370212,"崂山区"
"1279",370213,"李沧区"
"1280",370214,"城阳区"
"1281",370281,"胶州市"
"1282",370282,"即墨市"
"1283",370283,"平度市"
"1284",370284,"胶南市"
"1285",370285,"莱西市"
"1286",370301,"淄博市辖"
"1287",370302,"淄川区"
"1288",370303,"张店区"
"1289",370304,"博山区"
"1290",370305,"临淄区"
"1291",370306,"周村区"
"1292",370321,"桓台县"
"1293",370322,"高青县"
"1294",370323,"沂源县"
"1295",370401,"枣庄市辖"
"1296",370402,"枣庄市中"
"1297",370403,"薛城区"
"1298",370404,"峄城区"
"1299",370405,"台儿庄区"
"1300",370406,"山亭区"
"1301",370481,"滕州市"
"1302",370501,"东营市辖"
"1303",370502,"东营区"
"1304",370503,"河口区"
"1305",370521,"垦利县"
"1306",370522,"利津县"
"1307",370523,"广饶县"
"1308",370601,"烟台市辖"
"1309",370602,"芝罘区"
"1310",370611,"福山区"
"1311",370612,"牟平区"
"1312",370613,"莱山区"
"1313",370634,"长岛县"
"1314",370681,"龙口市"
"1315",370682,"莱阳市"
"1316",370683,"莱州市"
"1317",370684,"蓬莱市"
"1318",370685,"招远市"
"1319",370686,"栖霞县"
"1320",370687,"海阳市"
"1321",370701,"潍坊市辖"
"1322",370702,"潍城区"
"1323",370703,"寒亭区"
"1324",370704,"坊子区"
"1325",370705,"奎文区"
"1326",370724,"临朐县"
"1327",370725,"昌乐县"
"1328",370781,"青州市"
"1329",370782,"诸城市"
"1330",370783,"寿光市"
"1331",370784,"安丘市"
"1332",370785,"高密市"
"1333",370786,"昌邑市"
"1334",370801,"济宁市辖"
"1335",370802,"济宁市中"
"1336",370811,"任城区"
"1337",370826,"微山县"
"1338",370827,"鱼台县"
"1339",370828,"金乡县"
"1340",370829,"嘉祥县"
"1341",370830,"汶上县"
"1342",370831,"泗水县"
"1343",370832,"梁山县"
"1344",370881,"曲阜市"
"1345",370882,"兖州市"
"1346",370883,"邹城市"
"1347",370901,"泰安市辖"
"1348",370902,"泰山区"
"1349",370911,"泰安市郊"
"1350",370921,"宁阳县"
"1351",370923,"东平县"
"1352",370982,"新泰市"
"1353",370983,"肥城市"
"1354",371001,"威海市辖"
"1355",371002,"环翠区"
"1356",371081,"文登市"
"1357",371082,"荣成市"
"1358",371083,"乳山市"
"1359",371101,"日照市辖"
"1360",371102,"东港区"
"1361",371121,"五莲县"
"1362",371122,"莒县"
"1363",371201,"莱芜市辖"
"1364",371202,"莱城区"
"1365",371203,"钢城区"
"1366",371301,"临沂市辖"
"1367",371302,"兰山区"
"1368",371311,"罗庄区"
"1369",371312,"河东区"
"1370",371321,"沂南县"
"1371",371322,"郯城县"
"1372",371323,"沂水县"
"1373",371324,"苍山县"
"1374",371325,"费县"
"1375",371326,"平邑县"
"1376",371327,"莒南县"
"1377",371328,"蒙阴县"
"1378",371329,"临沭县"
"1379",371401,"德州市辖"
"1380",371402,"德城区"
"1381",371421,"陵县"
"1382",371422,"宁津县"
"1383",371423,"庆云县"
"1384",371424,"临邑县"
"1385",371425,"齐河县"
"1386",371426,"平原县"
"1387",371427,"夏津县"
"1388",371428,"武城县"
"1389",371481,"乐陵市"
"1390",371482,"禹城市"
"1391",371501,"聊城市辖"
"1392",371502,"东昌府"
"1393",371521,"阳谷县"
"1394",371522,"莘县"
"1395",371523,"茌平县"
"1396",371524,"东阿县"
"1397",371525,"冠县"
"1398",371526,"高唐县"
"1399",371581,"临清市"
"1400",372301,"滨州市"
"1401",372321,"惠民县"
"1402",372323,"阳信县"
"1403",372324,"无棣县"
"1404",372325,"沾化县"
"1405",372328,"博兴县"
"1406",372330,"邹平县"
"1407",372901,"菏泽市"
"1408",372922,"曹县"
"1409",372923,"定陶县"
"1410",372924,"成武县"
"1411",372925,"单县"
"1412",372926,"巨野县"
"1413",372928,"郓城县"
"1414",372929,"鄄城县"
"1415",372930,"东明县"
"1416",410101,"市辖区"
"1417",410102,"中原区"
"1418",410103,"二七区"
"1419",410104,"管城区"
"1420",410105,"金水区"
"1421",410106,"上街区"
"1422",410108,"邙山区"
"1423",410122,"中牟县"
"1424",410181,"巩义市"
"1425",410182,"荥阳市"
"1426",410183,"新密市"
"1427",410184,"新郑市"
"1428",410185,"登封市"
"1429",410201,"市辖区"
"1430",410202,"龙亭区"
"1431",410203,"顺河回族"
"1432",410204,"鼓楼区"
"1433",410205,"南关区"
"1434",410211,"开郊区"
"1435",410221,"杞县"
"1436",410222,"通许县"
"1437",410223,"尉氏县"
"1438",410224,"开封县"
"1439",410225,"兰考县"
"1440",410301,"市辖区"
"1441",410302,"老城区"
"1442",410303,"西工区"
"1443",410304,"躔河回族"
"1444",410305,"涧西区"
"1445",410306,"吉利区"
"1446",410311,"洛郊区"
"1447",410322,"孟津县"
"1448",410323,"新安县"
"1449",410324,"栾川县"
"1450",410325,"嵩县"
"1451",410326,"汝阳县"
"1452",410327,"宜阳县"
"1453",410328,"洛宁县"
"1454",410329,"伊川县"
"1455",410381,"偃师市"
"1456",410402,"新华区"
"1457",410403,"卫东区"
"1458",410404,"石龙区"
"1459",410411,"湛河区"
"1460",410421,"宝丰区"
"1461",410422,"叶县"
"1462",410423,"鲁山县"
"1463",410425,"郏县"
"1464",410481,"舞钢市"
"1465",410482,"汝州市"
"1466",410501,"市辖区"
"1467",410502,"文峰区"
"1468",410503,"北关区"
"1469",410504,"铁西区"
"1470",410511,"郊区"
"1471",410522,"安阳县"
"1472",410523,"汤阴县"
"1473",410526,"滑县"
"1474",410527,"内黄县"
"1475",410581,"林州市"
"1476",410602,"鹤山区"
"1477",410603,"山城区"
"1478",410611,"鹤壁郊"
"1479",410621,"浚县"
"1480",410622,"淇县"
"1481",410701,"市辖区"
"1482",410702,"红旗区"
"1483",410703,"新华区"
"1484",410704,"北站区"
"1485",410711,"郊区"
"1486",410721,"新乡县"
"1487",410724,"获嘉县"
"1488",410725,"原阳县"
"1489",410726,"延津县"
"1490",410727,"封丘县"
"1491",410728,"长垣县"
"1492",410781,"卫辉市"
"1493",410782,"辉县市"
"1494",410801,"市辖区"
"1495",410802,"解放区"
"1496",410803,"中站区"
"1497",410804,"马村区"
"1498",410811,"山阳区"
"1499",410821,"修武县"
"1500",410822,"博爱县"
"1501",410823,"武陟县"
"1502",410825,"温县"
"1503",410881,"济源市"
"1504",410882,"沁阳市"
"1505",410883,"孟州市"
"1506",410902,"市区"
"1507",410922,"清丰县"
"1508",410923,"南乐县"
"1509",410926,"范县"
"1510",410927,"台前县"
"1511",410928,"濮阳县"
"1512",411001,"市辖区"
"1513",411002,"魏都区"
"1514",411023,"许昌县"
"1515",411024,"鄢陵县"
"1516",411025,"襄城县"
"1517",411081,"禹州市"
"1518",411082,"长葛市"
"1519",411101,"市辖区"
"1520",411102,"源汇区"
"1521",411121,"舞阳县"
"1522",411122,"临颍县"
"1523",411123,"郾城县"
"1524",411201,"市辖区"
"1525",411202,"湖滨区"
"1526",411221,"渑池县"
"1527",411222,"陕县"
"1528",411224,"卢氏县"
"1529",411281,"义马市"
"1530",411282,"灵宝市"
"1531",411301,"市辖区"
"1532",411302,"宛城区"
"1533",411303,"卧龙区"
"1534",411321,"南召县"
"1535",411322,"方城县"
"1536",411323,"西峡县"
"1537",411324,"镇平县"
"1538",411325,"内乡县"
"1539",411326,"淅川县"
"1540",411327,"社旗县"
"1541",411328,"唐河县"
"1542",411329,"新野县"
"1543",411330,"桐柏县"
"1544",411381,"邓州市"
"1545",411401,"商丘市辖"
"1546",411402,"梁园区"
"1547",411403,"睢阳区"
"1548",411421,"民权县"
"1549",411422,"睢县"
"1550",411423,"宁陵县"
"1551",411424,"柘城县"
"1552",411425,"虞城县"
"1553",411426,"夏邑县"
"1554",411481,"永城市"
"1555",411501,"市辖区"
"1556",411502,"狮河区"
"1557",411503,"平桥区"
"1558",411521,"罗山县"
"1559",411522,"光山县"
"1560",411523,"新县"
"1561",411524,"商城县"
"1562",411525,"固始县"
"1563",411526,"潢川县"
"1564",411527,"淮滨县"
"1565",411528,"息县"
"1566",412701,"周口市"
"1567",412702,"项城市"
"1568",412721,"扶沟县"
"1569",412722,"西华县"
"1570",412723,"商水县"
"1571",412724,"太康县"
"1572",412725,"鹿邑县"
"1573",412726,"郸城县"
"1574",412727,"淮阳县"
"1575",412728,"沈丘县"
"1576",412801,"驻马店"
"1577",412821,"确山县"
"1578",412822,"泌阳县"
"1579",412823,"遂平县"
"1580",412824,"西平县"
"1581",412825,"上蔡县"
"1582",412826,"汝南县"
"1583",412827,"平舆县"
"1584",412828,"新蔡县"
"1585",412829,"正阳县"
"1586",420101,"武汉市郊"
"1587",420114,"蔡甸区"
"1588",420115,"江夏区"
"1589",420116,"黄陂县"
"1590",420117,"新洲县"
"1591",420122,"公安县"
"1592",420123,"监利县"
"1593",420181,"石首市"
"1594",420183,"洪湖市"
"1595",420201,"黄石市郊"
"1596",420222,"阳新县"
"1597",420281,"大冶市"
"1598",420301,"十堰市郊"
"1599",420321,"郧县"
"1600",420322,"郧西县"
"1601",420323,"竹山县"
"1602",420324,"竹溪县"
"1603",420325,"房县"
"1604",420381,"丹江口市"
"1605",420501,"宜昌市郊"
"1606",420521,"宜昌县"
"1607",420525,"远安县"
"1608",420526,"兴山县"
"1609",420527,"秭归县"
"1610",420528,"长阳县"
"1611",420529,"五峰县"
"1612",420581,"宜都市"
"1613",420582,"当阳市"
"1614",420583,"枝江市"
"1615",420601,"襄樊市郊"
"1616",420621,"襄阳县"
"1617",420624,"南漳县"
"1618",420625,"谷城县"
"1619",420626,"保康县"
"1620",420682,"老河口市"
"1621",420683,"枣阳市"
"1622",420684,"宜城市"
"1623",420801,"荆门市郊"
"1624",420822,"沙洋县"
"1625",420823,"沙洋农场"
"1626",420824,"五三农场"
"1627",420881,"钟祥市"
"1628",420882,"京山县"
"1629",420902,"孝南区"
"1630",420921,"孝昌县"
"1631",420922,"大悟县"
"1632",420923,"云梦县"
"1633",420981,"应城市"
"1634",420982,"安陆市"
"1635",420983,"广水市"
"1636",420984,"汉川市"
"1637",421001,"荆州市郊"
"1638",421024,"江陵县"
"1639",421087,"松滋市"
"1640",421102,"黄州区"
"1641",421121,"团风县"
"1642",421122,"红安县"
"1643",421123,"罗田县"
"1644",421124,"英山县"
"1645",421125,"浠水县"
"1646",421126,"蕲春县"
"1647",421172,"黄梅县"
"1648",421181,"麻城市"
"1649",421182,"武穴市"
"1650",421202,"咸安区"
"1651",421221,"嘉鱼县"
"1652",421222,"通城县"
"1653",421223,"崇阳县"
"1654",421224,"通山县"
"1655",421281,"赤壁市"
"1656",422801,"恩施市"
"1657",422802,"利川市"
"1658",422822,"建始县"
"1659",422823,"巴东县"
"1660",422825,"宣恩县"
"1661",422826,"咸丰县"
"1662",422827,"来凤县"
"1663",422828,"鹤峰县"
"1664",429001,"随州市"
"1665",429004,"仙桃市"
"1666",429005,"潜江市"
"1667",429006,"天门市"
"1668",429021,"神农架林区"
"1669",430101,"长沙市辖"
"1670",430102,"芙蓉区"
"1671",430103,"天心区"
"1672",430104,"岳麓区"
"1673",430105,"开福区"
"1674",430111,"雨花区"
"1675",430121,"长沙县"
"1676",430122,"望城县"
"1677",430124,"宁乡县"
"1678",430181,"浏阳市"
"1679",430201,"株洲市辖"
"1680",430202,"荷塘区"
"1681",430203,"芦淞区"
"1682",430204,"石峰区"
"1683",430211,"天元区"
"1684",430221,"株洲县"
"1685",430223,"攸县"
"1686",430224,"茶陵县"
"1687",430225,"炎陵县"
"1688",430281,"醴陵市"
"1689",430301,"湘潭市辖"
"1690",430302,"雨湖区"
"1691",430304,"岳塘区"
"1692",430321,"湘潭县"
"1693",430381,"湘乡市"
"1694",430382,"韶山市"
"1695",430401,"衡阳市辖"
"1696",430402,"江东区"
"1697",430403,"城南区"
"1698",430404,"城北区"
"1699",430411,"郊区"
"1700",430412,"南岳区"
"1701",430421,"衡阳县"
"1702",430422,"衡南县"
"1703",430423,"衡山县"
"1704",430424,"衡东县"
"1705",430426,"祁东县"
"1706",430481,"耒阳市"
"1707",430482,"常宁市"
"1708",430501,"邵阳市辖"
"1709",430502,"双清区"
"1710",430503,"大祥区"
"1711",430511,"北塔区"
"1712",430521,"邵东县"
"1713",430522,"新邵县"
"1714",430523,"邵阳县"
"1715",430524,"隆回县"
"1716",430525,"洞口县"
"1717",430527,"绥宁县"
"1718",430528,"新宁县"
"1719",430529,"城步县"
"1720",430581,"武岗市"
"1721",430601,"岳阳市辖"
"1722",430602,"岳阳楼"
"1723",430603,"云溪区"
"1724",430611,"君山区"
"1725",430621,"岳阳县"
"1726",430623,"华容县"
"1727",430624,"湘阴县"
"1728",430626,"平江县"
"1729",430681,"汨罗市"
"1730",430682,"临湘市"
"1731",430701,"常德市辖"
"1732",430702,"武陵区"
"1733",430703,"鼎城区"
"1734",430721,"安乡县"
"1735",430722,"汉寿县"
"1736",430723,"澧  县"
"1737",430724,"临澧县"
"1738",430725,"桃源县"
"1739",430726,"石门县"
"1740",430781,"津市市"
"1741",430801,"张家界市辖"
"1742",430802,"永定区"
"1743",430811,"武陵源"
"1744",430821,"慈利县"
"1745",430822,"桑植县"
"1746",430901,"益阳市辖"
"1747",430902,"资阳区"
"1748",430903,"赫山区"
"1749",430921,"南县"
"1750",430922,"桃江县"
"1751",430923,"安化县"
"1752",430981,"沅江市"
"1753",431001,"郴州市辖"
"1754",431002,"北湖区"
"1755",431003,"苏仙区"
"1756",431021,"桂阳县"
"1757",431022,"宜章县"
"1758",431023,"永兴县"
"1759",431024,"嘉禾县"
"1760",431025,"临武县"
"1761",431026,"汝城县"
"1762",431027,"桂东县"
"1763",431028,"安仁县"
"1764",431081,"资兴市"
"1765",431101,"永州市辖"
"1766",431102,"芝仙区"
"1767",431103,"冷水滩"
"1768",431121,"祁阳县"
"1769",431122,"东安县"
"1770",431123,"双牌县"
"1771",431124,"道县"
"1772",431125,"江永县"
"1773",431126,"宁远县"
"1774",431127,"蓝山县"
"1775",431128,"新田县"
"1776",431129,"江华县"
"1777",431201,"怀化市辖"
"1778",431202,"鹤城区"
"1779",431221,"中方县"
"1780",431222,"沅陵县"
"1781",431223,"辰溪县"
"1782",431224,"溆蒲县"
"1783",431225,"会同县"
"1784",431226,"麻阳县"
"1785",431227,"新晃县"
"1786",431228,"芷江县"
"1787",431229,"靖州县"
"1788",431230,"通道县"
"1789",431281,"洪江市"
"1790",432501,"娄底市"
"1791",432502,"冷水江"
"1792",432503,"涟源市"
"1793",432522,"双峰县"
"1794",432524,"新化县"
"1795",433101,"吉首市"
"1796",433122,"泸溪县"
"1797",433123,"凤凰县"
"1798",433124,"花垣县"
"1799",433125,"保靖县"
"1800",433126,"古丈县"
"1801",433127,"永顺县"
"1802",433130,"龙山县"
"1803",440101,"市辖区"
"1804",440102,"东山区"
"1805",440103,"荔湾区"
"1806",440104,"越秀区"
"1807",440105,"海珠区"
"1808",440106,"天河区"
"1809",440107,"芳村区"
"1810",440111,"白云区"
"1811",440112,"黄埔区"
"1812",440181,"番禺市"
"1813",440182,"花都市"
"1814",440183,"增城市"
"1815",440184,"从化市"
"1816",440201,"市辖区"
"1817",440202,"北江区"
"1818",440203,"武江区"
"1819",440204,"浈江区"
"1820",440221,"曲江县"
"1821",440222,"始兴县"
"1822",440224,"仁化县"
"1823",440229,"乳源县"
"1824",440232,"翁源县"
"1825",440233,"新丰县"
"1826",440281,"乐昌市"
"1827",440282,"南雄市"
"1828",440301,"市辖区"
"1829",440303,"罗湖区"
"1830",440304,"福田区"
"1831",440305,"南山区"
"1832",440306,"宝安区"
"1833",440307,"龙岗区"
"1834",440308,"盐田县"
"1835",440401,"市辖区"
"1836",440402,"香洲区"
"1837",440421,"斗门县"
"1838",440501,"市辖区"
"1839",440506,"达濠区"
"1840",440507,"龙湖区"
"1841",440508,"金园区"
"1842",440509,"升平区"
"1843",440510,"河浦区"
"1844",440523,"南澳县"
"1845",440582,"潮阳市"
"1846",440583,"澄海市"
"1847",440601,"市辖区"
"1848",440602,"城区"
"1849",440603,"石湾区"
"1850",440681,"顺德市"
"1851",440682,"南海市"
"1852",440683,"三水市"
"1853",440684,"高明市"
"1854",440701,"市辖区"
"1855",440703,"蓬江区"
"1856",440704,"江海区"
"1857",440781,"台山市"
"1858",440782,"新会市"
"1859",440783,"开平市"
"1860",440784,"鹤山市"
"1861",440785,"恩平市"
"1862",440801,"市辖区"
"1863",440802,"赤坎区"
"1864",440803,"霞山区"
"1865",440804,"坡头区"
"1866",440811,"麻章区"
"1867",440823,"遂溪县"
"1868",440825,"徐闻县"
"1869",440881,"廉江市"
"1870",440882,"雷州市"
"1871",440883,"吴川县"
"1872",440901,"市辖区"
"1873",440902,"茂南区"
"1874",440923,"电白县"
"1875",440981,"高州市"
"1876",440982,"化州市"
"1877",440983,"信宜市"
"1878",441201,"市辖区"
"1879",441202,"端州区"
"1880",441203,"鼎湖区"
"1881",441223,"广宁县"
"1882",441224,"怀集县"
"1883",441225,"封开县"
"1884",441226,"德庆县"
"1885",441283,"高要市"
"1886",441284,"四会市"
"1887",441301,"市辖区"
"1888",441302,"惠城区"
"1889",441322,"博罗县"
"1890",441323,"惠东县"
"1891",441324,"龙门县"
"1892",441381,"惠阳市"
"1893",441401,"市辖区"
"1894",441402,"梅江区"
"1895",441421,"梅县"
"1896",441422,"大埔县"
"1897",441423,"丰顺县"
"1898",441424,"五华县"
"1899",441426,"平远县"
"1900",441427,"蕉岭县"
"1901",441481,"兴宁市"
"1902",441501,"市辖区"
"1903",441502,"城区"
"1904",441521,"海丰县"
"1905",441523,"陆河县"
"1906",441581,"陆丰市"
"1907",441601,"市辖区"
"1908",441602,"源城区"
"1909",441621,"紫金县"
"1910",441622,"龙川县"
"1911",441623,"连平县"
"1912",441624,"和平县"
"1913",441625,"东源县"
"1914",441701,"市辖区"
"1915",441702,"江城区"
"1916",441721,"阳西县"
"1917",441723,"阳东县"
"1918",441781,"阳春市"
"1919",441801,"市辖区"
"1920",441802,"清城区"
"1921",441821,"佛冈县"
"1922",441823,"阳山县"
"1923",441825,"连山自治"
"1924",441826,"连南自"
"1925",441827,"清新县"
"1926",441881,"英德市"
"1927",441882,"连州市"
"1928",445101,"市辖区"
"1929",445102,"湘桥区"
"1930",445121,"潮安县"
"1931",445122,"饶平县"
"1932",445201,"市辖区"
"1933",445202,"榕城区"
"1934",445221,"揭东县"
"1935",445222,"揭西县"
"1936",445224,"惠来县"
"1937",445281,"普宁市"
"1938",445301,"市辖区"
"1939",445302,"云城区"
"1940",445321,"新兴县"
"1941",445322,"郁南县"
"1942",445323,"云安县"
"1943",445381,"罗定市"
"1944",450101,"南宁辖区"
"1945",450121,"邕宁县"
"1946",450122,"武鸣县"
"1947",450201,"柳州市辖"
"1948",450221,"柳江县"
"1949",450222,"柳城县"
"1950",450301,"桂林市辖"
"1951",450321,"阳朔县"
"1952",450322,"临桂县"
"1953",450323,"灵川县"
"1954",450324,"全州县"
"1955",450325,"兴安县"
"1956",450326,"永福县"
"1957",450327,"灌阳县"
"1958",450328,"龙胜县"
"1959",450329,"资源县"
"1960",450330,"平乐县"
"1961",450331,"荔浦县"
"1962",450332,"恭城县"
"1963",450401,"梧州市辖"
"1964",450421,"苍梧县"
"1965",450422,"藤县"
"1966",450423,"蒙山县"
"1967",450481,"岑溪县"
"1968",450501,"北海市辖"
"1969",450521,"合浦县"
"1970",450601,"防城市辖"
"1971",450621,"上思县"
"1972",450681,"东兴市"
"1973",450701,"钦州市辖"
"1974",450721,"灵山县"
"1975",450722,"浦北县"
"1976",450801,"贵港市辖"
"1977",450821,"平南县"
"1978",450881,"桂平市"
"1979",450901,"玉林市辖"
"1980",450921,"容县"
"1981",450922,"陆川县"
"1982",450923,"博白县"
"1983",450924,"兴业县"
"1984",450981,"北流市"
"1985",452101,"凭祥市"
"1986",452122,"横县"
"1987",452123,"宾阳县"
"1988",452124,"上林县"
"1989",452126,"隆安县"
"1990",452127,"马山县"
"1991",452128,"扶绥县"
"1992",452129,"崇左县"
"1993",452130,"大新县"
"1994",452131,"天等县"
"1995",452132,"宁明县"
"1996",452133,"龙州县"
"1997",452201,"合山市"
"1998",452223,"鹿寨县"
"1999",452224,"象州县"
"2000",452225,"武宣县"
"2001",452226,"来宾县"
"2002",452227,"融安县"
"2003",452228,"三江县"
"2004",452229,"融水县"
"2005",452230,"金秀县"
"2006",452231,"忻城县"
"2007",452402,"贺州市"
"2008",452424,"昭平县"
"2009",452427,"钟山县"
"2010",452428,"富川县"
"2011",452601,"百色市"
"2012",452622,"田阳县"
"2013",452623,"田东县"
"2014",452624,"平果县"
"2015",452625,"德保县"
"2016",452626,"靖西县"
"2017",452627,"那坡县"
"2018",452628,"凌云县"
"2019",452629,"乐业县"
"2020",452630,"田林县"
"2021",452631,"隆林县"
"2022",452632,"西林县"
"2023",452701,"河池市"
"2024",452702,"宜州市"
"2025",452723,"罗城县"
"2026",452724,"环江县"
"2027",452725,"南丹县"
"2028",452726,"天峨县"
"2029",452727,"凤山县"
"2030",452728,"东兰县"
"2031",452729,"巴马县"
"2032",452730,"都安县"
"2033",452731,"大化县"
"2034",460001,"通什市"
"2035",460002,"琼海市"
"2036",460003,"儋州市"
"2037",460004,"琼山市"
"2038",460005,"文昌市"
"2039",460006,"万宁市"
"2040",460007,"东方县"
"2041",460025,"定安县"
"2042",460026,"屯昌县"
"2043",460027,"澄迈县"
"2044",460028,"临高县"
"2045",460030,"白沙县"
"2046",460031,"昌江县"
"2047",460033,"乐东县"
"2048",460034,"陵水县"
"2049",460035,"保亭县"
"2050",460036,"琼中县"
"2051",460037,"西沙群"
"2052",460038,"南沙群"
"2053",460039,"中沙群"
"2054",460101,"海口市辖"
"2055",460102,"振东区"
"2056",460103,"新华区"
"2057",460104,"秀英区"
"2058",460201,"三亚市辖"
"2059",500101,"万州区"
"2060",500102,"涪陵地"
"2061",500103,"渝中区"
"2062",500104,"大渡口"
"2063",500105,"江北区"
"2064",500106,"沙坪坝"
"2065",500107,"九龙坡"
"2066",500108,"南岸区"
"2067",500109,"北碚区"
"2068",500110,"万盛区"
"2069",500111,"双桥区"
"2070",500112,"渝北区"
"2071",500113,"巴南区"
"2072",500221,"长寿县"
"2073",500222,"綦江县"
"2074",500223,"潼南县"
"2075",500224,"铜梁县"
"2076",500225,"大足县"
"2077",500226,"荣昌县"
"2078",500227,"璧山县"
"2079",500228,"梁平县"
"2080",500229,"城口县"
"2081",500230,"丰都县"
"2082",500231,"垫江县"
"2083",500232,"武隆县"
"2084",500233,"忠县"
"2085",500234,"开县"
"2086",500235,"云阳县"
"2087",500236,"奉节县"
"2088",500237,"巫山县"
"2089",500238,"巫溪县"
"2090",500239,"黔江县"
"2091",500240,"石柱县"
"2092",500241,"秀山县"
"2093",500242,"酉阳县"
"2094",500243,"彭水县"
"2095",500381,"江津市"
"2096",500382,"合川市"
"2097",500383,"永川市"
"2098",500384,"南川市"
"2099",510104,"锦江区"
"2100",510105,"青羊区"
"2101",510106,"金牛区"
"2102",510107,"武侯区"
"2103",510108,"成华区"
"2104",510109,"高新区"
"2105",510112,"龙泉驿区"
"2106",510113,"青白江区"
"2107",510121,"金堂县"
"2108",510122,"双流县"
"2109",510123,"温江县"
"2110",510124,"郫县"
"2111",510125,"新都县"
"2112",510129,"大邑县"
"2113",510131,"蒲江县"
"2114",510132,"新津县"
"2115",510181,"都江堰市"
"2116",510182,"彭州市"
"2117",510183,"邛崃市"
"2118",510184,"崇州市"
"2119",510303,"贡井区"
"2120",510304,"大安区"
"2121",510311,"沿滩区"
"2122",510321,"荣县"
"2123",510322,"富顺县"
"2124",510402,"东区"
"2125",510403,"西区"
"2126",510411,"仁和区"
"2127",510421,"米易县"
"2128",510422,"盐边县"
"2129",510502,"江阳区"
"2130",510503,"纳溪区"
"2131",510504,"龙马潭区"
"2132",510521,"泸县"
"2133",510522,"合江县"
"2134",510524,"叙永县"
"2135",510525,"古蔺县"
"2136",510603,"旌阳区"
"2137",510623,"中江县"
"2138",510626,"罗江县"
"2139",510681,"广汉市"
"2140",510682,"什邡市"
"2141",510683,"绵竹市"
"2142",510703,"涪城区"
"2143",510704,"游仙区"
"2144",510705,"高新区"
"2145",510722,"三台县"
"2146",510723,"盐亭县"
"2147",510724,"安县"
"2148",510725,"梓潼县"
"2149",510726,"北川县"
"2150",510727,"平武县"
"2151",510781,"江油市"
"2152",510802,"广元市中"
"2153",510811,"元坝区"
"2154",510812,"朝天区"
"2155",510821,"旺苍县"
"2156",510822,"青川县"
"2157",510823,"剑阁县"
"2158",510824,"苍溪县"
"2159",510902,"遂宁市中"
"2160",510921,"蓬溪县"
"2161",510922,"射洪县"
"2162",510923,"大英县"
"2163",511002,"内江市中"
"2164",511011,"东兴区"
"2165",511024,"威远县"
"2166",511025,"资中县"
"2167",511028,"隆昌县"
"2168",511102,"乐山市中"
"2169",511111,"沙湾区"
"2170",511112,"五通桥"
"2171",511113,"金口河区"
"2172",511123,"犍为县"
"2173",511124,"井研县"
"2174",511126,"夹江县"
"2175",511129,"沐川县"
"2176",511132,"峨边县"
"2177",511133,"马边县"
"2178",511181,"峨眉山市"
"2179",511302,"顺庆区"
"2180",511303,"高坪区"
"2181",511304,"嘉陵区"
"2182",511321,"南部县"
"2183",511322,"营山县"
"2184",511323,"蓬安县"
"2185",511324,"仪陇县"
"2186",511325,"西充县"
"2187",511381,"阆中市"
"2188",511502,"翠屏区"
"2189",511521,"宜宾县"
"2190",511522,"南溪县"
"2191",511523,"江安县"
"2192",511524,"长宁县"
"2193",511525,"高县"
"2194",511526,"珙县"
"2195",511527,"筠连县"
"2196",511528,"兴文县"
"2197",511529,"屏山县"
"2198",511602,"广安区"
"2199",511621,"岳池县"
"2200",511622,"武胜县"
"2201",511623,"邻水县"
"2202",511681,"华蓥市"
"2203",513001,"达川市"
"2204",513002,"万源市"
"2205",513021,"达县"
"2206",513022,"宣汉县"
"2207",513023,"开江县"
"2208",513029,"大竹县"
"2209",513030,"渠县"
"2210",513101,"雅安市"
"2211",513122,"名山县"
"2212",513123,"荥经县"
"2213",513124,"汉源县"
"2214",513125,"石棉县"
"2215",513126,"天全县"
"2216",513127,"芦山县"
"2217",513128,"宝兴县"
"2218",513221,"汶川县"
"2219",513222,"理县"
"2220",513223,"茂县"
"2221",513224,"松潘县"
"2222",513225,"九寨沟县"
"2223",513226,"金川县"
"2224",513227,"小金县"
"2225",513228,"黑水县"
"2226",513229,"马尔康县"
"2227",513230,"壤塘县"
"2228",513231,"阿坝县"
"2229",513232,"若尔盖县"
"2230",513233,"红原县"
"2231",513321,"康定县"
"2232",513322,"泸定县"
"2233",513323,"丹巴县"
"2234",513324,"九龙县"
"2235",513325,"雅江县"
"2236",513326,"道孚县"
"2237",513327,"炉霍县"
"2238",513328,"甘孜县"
"2239",513329,"新龙县"
"2240",513330,"德格县"
"2241",513331,"白玉县"
"2242",513332,"石渠县"
"2243",513333,"色达县"
"2244",513334,"理塘县"
"2245",513335,"巴塘县"
"2246",513336,"乡城县"
"2247",513337,"稻城县"
"2248",513338,"得荣县"
"2249",513401,"西昌市"
"2250",513422,"木里县"
"2251",513423,"盐源县"
"2252",513424,"德昌县"
"2253",513425,"会理县"
"2254",513426,"会东县"
"2255",513427,"宁南县"
"2256",513428,"普格县"
"2257",513429,"布拖县"
"2258",513430,"金阳县"
"2259",513431,"昭觉县"
"2260",513432,"喜德县"
"2261",513433,"冕宁县"
"2262",513434,"越西县"
"2263",513435,"甘洛县"
"2264",513436,"美姑县"
"2265",513437,"雷波县"
"2266",513701,"巴中市"
"2267",513721,"通江县"
"2268",513722,"南江县"
"2269",513723,"平昌县"
"2270",513821,"眉山县"
"2271",513822,"仁寿县"
"2272",513823,"彭山县"
"2273",513824,"洪雅县"
"2274",513825,"丹棱县"
"2275",513826,"青神县"
"2276",513901,"资阳市"
"2277",513902,"简阳市"
"2278",513921,"安岳县"
"2279",513922,"乐至县"
"2280",520101,"贵阳市辖"
"2281",520102,"南明区"
"2282",520103,"云岩区"
"2283",520111,"花溪区"
"2284",520112,"乌当区"
"2285",520113,"白云区"
"2286",520121,"开阳县"
"2287",520122,"息烽县"
"2288",520123,"修文县"
"2289",520181,"清镇市"
"2290",520201,"钟山区"
"2291",520202,"盘县特"
"2292",520203,"六枝特"
"2293",520221,"水城县"
"2294",520301,"遵义市辖"
"2295",520302,"红花岗"
"2296",520321,"遵义县"
"2297",520322,"桐梓县"
"2298",520323,"绥阳县"
"2299",520324,"正安县"
"2300",520325,"道真县"
"2301",520326,"务川县"
"2302",520327,"凤冈县"
"2303",520328,"湄潭县"
"2304",520329,"余庆县"
"2305",520330,"习水县"
"2306",520381,"赤水市"
"2307",520382,"仁怀市"
"2308",522201,"铜仁市"
"2309",522222,"江口县"
"2310",522223,"玉屏县"
"2311",522224,"石阡县"
"2312",522225,"思南县"
"2313",522226,"印江县"
"2314",522227,"德江县"
"2315",522228,"沿河县"
"2316",522229,"松桃县"
"2317",522230,"万山特"
"2318",522301,"兴义市"
"2319",522322,"兴仁县"
"2320",522323,"普安县"
"2321",522324,"晴隆县"
"2322",522325,"贞丰县"
"2323",522326,"望谟县"
"2324",522327,"册亨县"
"2325",522328,"安龙县"
"2326",522401,"毕节市"
"2327",522422,"大方县"
"2328",522423,"黔西县"
"2329",522424,"金沙县"
"2330",522425,"织金县"
"2331",522426,"纳雍县"
"2332",522427,"威宁县"
"2333",522428,"赫章县"
"2334",522501,"安顺市"
"2335",522526,"平坝县"
"2336",522527,"普定县"
"2337",522528,"关岭县"
"2338",522529,"镇宁县"
"2339",522530,"紫云县"
"2340",522601,"凯里市"
"2341",522622,"黄平县"
"2342",522623,"施秉县"
"2343",522624,"三穗县"
"2344",522625,"镇远县"
"2345",522626,"岑巩县"
"2346",522627,"天柱县"
"2347",522628,"锦屏县"
"2348",522629,"剑河县"
"2349",522630,"台江县"
"2350",522631,"黎平县"
"2351",522632,"榕江县"
"2352",522633,"从江县"
"2353",522634,"雷山县"
"2354",522635,"麻江县"
"2355",522636,"丹寨县"
"2356",522701,"都匀县"
"2357",522702,"福泉市"
"2358",522722,"荔波县"
"2359",522723,"贵定县"
"2360",522725,"瓮安县"
"2361",522726,"独山县"
"2362",522727,"平塘县"
"2363",522728,"罗甸县"
"2364",522729,"长顺县"
"2365",522730,"龙里县"
"2366",522731,"惠水县"
"2367",522732,"三都县"
"2368",530101,"昆明市辖"
"2369",530102,"五华区"
"2370",530103,"盘龙区"
"2371",530111,"官渡区"
"2372",530112,"西山区"
"2373",530113,"东川区"
"2374",530121,"呈贡县"
"2375",530122,"晋宁县"
"2376",530124,"富民县"
"2377",530125,"宜良县"
"2378",530126,"石林县"
"2379",530127,"嵩明县"
"2380",530128,"禄劝县"
"2381",530129,"寻甸县"
"2382",530181,"安宁市"
"2383",530301,"曲靖市辖"
"2384",530302,"麒麟区"
"2385",530321,"马龙县"
"2386",530322,"陆良县"
"2387",530323,"师宗县"
"2388",530324,"罗平县"
"2389",530325,"富源县"
"2390",530326,"会泽县"
"2391",530328,"沾益县"
"2392",530381,"宣威市"
"2393",530401,"玉溪市辖"
"2394",530402,"红塔区"
"2395",530421,"江川县"
"2396",530422,"澄江县"
"2397",530423,"通海县"
"2398",530424,"华宁县"
"2399",530425,"易门县"
"2400",530426,"峨山县"
"2401",530427,"新平县"
"2402",530428,"元江县"
"2403",532101,"昭通市"
"2404",532122,"鲁甸县"
"2405",532123,"巧家县"
"2406",532124,"盐津县"
"2407",532125,"大关县"
"2408",532126,"永善县"
"2409",532127,"绥江县"
"2410",532128,"镇雄县"
"2411",532129,"彝良县"
"2412",532130,"威信县"
"2413",532131,"水富县"
"2414",532301,"楚雄市"
"2415",532322,"双柏县"
"2416",532323,"牟定县"
"2417",532324,"南华县"
"2418",532325,"姚安县"
"2419",532326,"大姚县"
"2420",532327,"永仁县"
"2421",532328,"元谋县"
"2422",532329,"武定县"
"2423",532331,"禄丰县"
"2424",532501,"个旧市"
"2425",532502,"开远市"
"2426",532522,"蒙自县"
"2427",532523,"屏边县"
"2428",532524,"建水县"
"2429",532525,"石屏县"
"2430",532526,"弥勒县"
"2431",532527,"泸西县"
"2432",532528,"元阳县"
"2433",532529,"红河县"
"2434",532530,"金平县"
"2435",532531,"绿春县"
"2436",532532,"河口县"
"2437",532621,"文山县"
"2438",532622,"砚山县"
"2439",532623,"西畴县"
"2440",532624,"麻栗坡"
"2441",532625,"马关县"
"2442",532626,"邱北县"
"2443",532627,"广南县"
"2444",532628,"富宁县"
"2445",532701,"思茅市"
"2446",532722,"普洱县"
"2447",532723,"墨江县"
"2448",532724,"景东县"
"2449",532725,"景谷县"
"2450",532726,"镇源县"
"2451",532727,"江城县"
"2452",532728,"孟连县"
"2453",532729,"澜沧县"
"2454",532730,"西盟县"
"2455",532801,"景洪市"
"2456",532822,"勐海县"
"2457",532823,"勐腊县"
"2458",532901,"大理市"
"2459",532922,"漾濞县"
"2460",532923,"祥云县"
"2461",532924,"宾川县"
"2462",532925,"弥渡县"
"2463",532926,"南涧县"
"2464",532927,"巍山县"
"2465",532928,"永平县"
"2466",532929,"云龙县"
"2467",532930,"洱源县"
"2468",532931,"剑川县"
"2469",532932,"鹤庆县"
"2470",533001,"保山市"
"2471",533022,"施甸县"
"2472",533023,"腾冲县"
"2473",533024,"龙陵县"
"2474",533025,"昌宁县"
"2475",533101,"畹町市"
"2476",533102,"瑞丽市"
"2477",533103,"潞西县"
"2478",533122,"梁河县"
"2479",533123,"盈江县"
"2480",533124,"陇川县"
"2481",533221,"丽江县"
"2482",533222,"永胜县"
"2483",533223,"华坪县"
"2484",533224,"宁蒗县"
"2485",533321,"泸水县"
"2486",533323,"福贡县"
"2487",533324,"贡山县"
"2488",533325,"兰坪县"
"2489",533421,"中甸县"
"2490",533422,"德钦县"
"2491",533423,"维西县"
"2492",533521,"临沧县"
"2493",533522,"凤庆县"
"2494",533523,"云县"
"2495",533524,"永德县"
"2496",533525,"镇康县"
"2497",533526,"双江县"
"2498",533527,"耿马县"
"2499",533528,"沧源县"
"2500",540101,"拉萨市辖"
"2501",540102,"拉萨城关"
"2502",540121,"林周县"
"2503",540122,"当雄县"
"2504",540123,"尼木县"
"2505",540124,"曲水县"
"2506",540125,"堆龙德庆"
"2507",540126,"达孜县"
"2508",540127,"墨竹工卡"
"2509",542121,"昌都县"
"2510",542122,"江达县"
"2511",542123,"贡觉县"
"2512",542124,"类乌齐县"
"2513",542125,"丁青县"
"2514",542126,"察雅县"
"2515",542127,"八宿县"
"2516",542128,"左贡县"
"2517",542129,"芒康县"
"2518",542132,"洛隆县"
"2519",542133,"边坝县"
"2520",542221,"乃东县"
"2521",542222,"扎囊县"
"2522",542223,"贡嘎县"
"2523",542224,"桑日县"
"2524",542225,"琼结县"
"2525",542226,"曲松县"
"2526",542227,"措美县"
"2527",542228,"洛扎县"
"2528",542229,"加查县"
"2529",542231,"隆子县"
"2530",542232,"错那县"
"2531",542233,"浪卡子县"
"2532",542301,"日喀则市"
"2533",542322,"南木林县"
"2534",542323,"江孜县"
"2535",542324,"定日县"
"2536",542325,"萨迦县"
"2537",542326,"拉孜县"
"2538",542327,"昂仁县"
"2539",542328,"谢通门"
"2540",542329,"白朗县"
"2541",542330,"仁布县"
"2542",542331,"康马县"
"2543",542332,"定结县"
"2544",542333,"仲巴县"
"2545",542334,"亚东县"
"2546",542335,"吉隆县"
"2547",542336,"聂拉木县"
"2548",542337,"萨嘎县"
"2549",542338,"岗巴县"
"2550",542431,"双湖县"
"2551",542421,"那曲县"
"2552",542422,"嘉黎县"
"2553",542423,"比如县"
"2554",542424,"聂荣县"
"2555",542425,"安多县"
"2556",542426,"申扎县"
"2557",542427,"索县县"
"2558",542428,"班戈县"
"2559",542429,"巴青县"
"2560",542430,"尼玛县"
"2561",542521,"普兰县"
"2562",542522,"札达县"
"2563",542523,"噶尔县"
"2564",542524,"日土县"
"2565",542525,"革吉县"
"2566",542526,"改则县"
"2567",542527,"措勤县"
"2568",542621,"林芝县"
"2569",542622,"工布江达"
"2570",542623,"米林县"
"2571",542624,"墨脱县"
"2572",542625,"波密县"
"2573",542626,"察隅县"
"2574",542627,"朗县"
"2575",610102,"新城区"
"2576",610103,"碑林区"
"2577",610104,"莲湖区"
"2578",610111,"灞桥区"
"2579",610112,"未央区"
"2580",610113,"雁塔区"
"2581",610114,"阎良区"
"2582",610115,"临潼区"
"2583",610121,"长安县"
"2584",610122,"蓝田县"
"2585",610124,"周至县"
"2586",610125,"户县"
"2587",610126,"高陵县"
"2588",610202,"城区"
"2589",610203,"郊区"
"2590",610221,"耀县"
"2591",610222,"宜君县"
"2592",610302,"渭滨区"
"2593",610303,"金台区"
"2594",610321,"宝鸡县"
"2595",610322,"凤翔县"
"2596",610323,"岐山县"
"2597",610324,"扶风县"
"2598",610326,"眉县"
"2599",610327,"陇县"
"2600",610328,"千阳县"
"2601",610329,"麟游县"
"2602",610330,"凤县"
"2603",610331,"太白县"
"2604",610402,"秦都区"
"2605",610403,"杨陵区"
"2606",610404,"渭城区"
"2607",610422,"三原县"
"2608",610423,"泾阳县"
"2609",610424,"乾县"
"2610",610425,"礼泉县"
"2611",610426,"永寿县"
"2612",610427,"彬县"
"2613",610428,"长武县"
"2614",610429,"旬邑县"
"2615",610430,"淳化县"
"2616",610431,"武功县"
"2617",610481,"兴平市"
"2618",610502,"临渭区"
"2619",610521,"华县"
"2620",610522,"潼关县"
"2621",610523,"大荔县"
"2622",610524,"合阳县"
"2623",610525,"澄城县"
"2624",610526,"蒲城县"
"2625",610527,"白水县"
"2626",610528,"富平县"
"2627",610581,"韩城市"
"2628",610582,"华阴市"
"2629",610602,"宝塔区"
"2630",610621,"延长县"
"2631",610622,"延川县"
"2632",610623,"子长县"
"2633",610624,"安塞县"
"2634",610625,"志丹县"
"2635",610626,"吴旗县"
"2636",610627,"甘泉县"
"2637",610628,"富县"
"2638",610629,"洛川县"
"2639",610630,"宜川县"
"2640",610631,"黄龙县"
"2641",610632,"黄陵县"
"2642",610702,"汉台区"
"2643",610721,"南郑县"
"2644",610722,"城固县"
"2645",610723,"洋县"
"2646",610724,"西乡县"
"2647",610725,"勉县"
"2648",610726,"宁强县"
"2649",610727,"略阳县"
"2650",610728,"镇巴县"
"2651",610729,"留坝县"
"2652",610730,"佛坪县"
"2653",612401,"安康市"
"2654",612422,"汉阴县"
"2655",612423,"石泉县"
"2656",612424,"宁陕县"
"2657",612425,"紫阳县"
"2658",612426,"岚皋县"
"2659",612427,"平利县"
"2660",612428,"镇坪县"
"2661",612429,"旬阳县"
"2662",612430,"白河县"
"2663",612501,"商州市"
"2664",612522,"洛南县"
"2665",612523,"丹凤县"
"2666",612524,"商南县"
"2667",612525,"山阳县"
"2668",612526,"镇安县"
"2669",612527,"柞水县"
"2670",612701,"榆林市"
"2671",612722,"神木县"
"2672",612723,"府谷县"
"2673",612724,"横山县"
"2674",612725,"靖边县"
"2675",612726,"定边县"
"2676",612727,"绥德县"
"2677",612728,"米脂县"
"2678",612729,"佳县"
"2679",612730,"吴堡县"
"2680",612731,"清涧县"
"2681",612732,"子洲县"
"2682",620101,"兰州市辖"
"2683",620102,"城关区"
"2684",620103,"七里河"
"2685",620104,"西固区"
"2686",620105,"安宁区"
"2687",620111,"红古区"
"2688",620121,"永登县"
"2689",620122,"皋兰县"
"2690",620123,"榆中县"
"2691",620201,"嘉峪关市辖"
"2692",620301,"金昌市辖"
"2693",620302,"金川区"
"2694",620321,"永昌县"
"2695",620401,"白银市辖"
"2696",620402,"白银区"
"2697",620403,"平川区"
"2698",620421,"靖远县"
"2699",620422,"会宁县"
"2700",620423,"景泰县"
"2701",620501,"天水市辖"
"2702",620502,"秦城区"
"2703",620503,"北道区"
"2704",620521,"清水县"
"2705",620522,"秦安县"
"2706",620523,"甘谷县"
"2707",620524,"武山县"
"2708",620525,"张家川"
"2709",622101,"玉门市"
"2710",622102,"酒泉市"
"2711",622103,"敦煌市"
"2712",622123,"金塔县"
"2713",622124,"肃北县"
"2714",622125,"阿克塞"
"2715",622126,"安西县"
"2716",622201,"张掖市"
"2717",622222,"肃南县"
"2718",622223,"民乐县"
"2719",622224,"临泽县"
"2720",622225,"高台县"
"2721",622226,"山丹县"
"2722",622301,"武威市"
"2723",622322,"民勤县"
"2724",622323,"古浪县"
"2725",622326,"天祝县"
"2726",622421,"定西县"
"2727",622424,"通渭县"
"2728",622425,"陇西县"
"2729",622426,"渭源县"
"2730",622427,"临洮县"
"2731",622428,"漳县"
"2732",622429,"岷县"
"2733",622621,"武都县"
"2734",622623,"宕昌县"
"2735",622624,"成县"
"2736",622625,"康县"
"2737",622626,"文县"
"2738",622627,"西和县"
"2739",622628,"礼县"
"2740",622629,"两当县"
"2741",622630,"徽县"
"2742",622701,"平凉市"
"2743",622722,"泾川县"
"2744",622723,"灵台县"
"2745",622724,"崇信县"
"2746",622725,"华亭县"
"2747",622726,"庄浪县"
"2748",622727,"静宁县"
"2749",622801,"西峰市"
"2750",622821,"庆阳县"
"2751",622822,"环县"
"2752",622823,"华池县"
"2753",622824,"合水县"
"2754",622825,"正宁县"
"2755",622826,"宁县"
"2756",622827,"镇原县"
"2757",622901,"临夏市"
"2758",622921,"临夏县"
"2759",622922,"康乐县"
"2760",622923,"永靖县"
"2761",622924,"广河县"
"2762",622925,"和政县"
"2763",622926,"东乡县"
"2764",622927,"积石山"
"2765",623001,"合作市"
"2766",623021,"临潭县"
"2767",623022,"卓尼县"
"2768",623023,"舟曲县"
"2769",623024,"迭部县"
"2770",623025,"玛曲县"
"2771",623026,"碌曲县"
"2772",623027,"夏河县"
"2773",630101,"市辖区"
"2774",630102,"城东区"
"2775",630103,"城中区"
"2776",630104,"城西区"
"2777",630105,"城北区"
"2778",630121,"大通县"
"2779",632121,"平安县"
"2780",632122,"民和县"
"2781",632123,"乐都县"
"2782",632124,"湟中县"
"2783",632125,"湟源县"
"2784",632126,"互助县"
"2785",632127,"化隆县"
"2786",632128,"循化县"
"2787",632221,"门源县"
"2788",632222,"祁连县"
"2789",632223,"海晏县"
"2790",632224,"刚察县"
"2791",632321,"同仁县"
"2792",632322,"尖扎县"
"2793",632323,"泽库县"
"2794",632324,"河南县"
"2795",632521,"共和县"
"2796",632522,"同德县"
"2797",632523,"贵德县"
"2798",632524,"兴海县"
"2799",632525,"贵南县"
"2800",632621,"玛沁县"
"2801",632622,"班玛县"
"2802",632623,"甘德县"
"2803",632624,"达日县"
"2804",632625,"久治县"
"2805",632626,"玛多县"
"2806",632721,"玉树县"
"2807",632722,"杂多县"
"2808",632723,"称多县"
"2809",632724,"治多县"
"2810",632725,"囊谦县"
"2811",632726,"曲麻莱"
"2812",632801,"格尔木"
"2813",632802,"德令哈"
"2814",632821,"乌兰县"
"2815",632822,"都兰县"
"2816",632823,"天峻县"
"2817",640101,"银川市辖"
"2818",640102,"城区"
"2819",640103,"新城区"
"2820",640111,"银川郊"
"2821",640121,"永宁县"
"2822",640122,"贺兰县"
"2823",640201,"石嘴山市辖"
"2824",640202,"大武口"
"2825",640203,"石嘴山"
"2826",640204,"石炭井"
"2827",640221,"平罗县"
"2828",640222,"陶乐县"
"2829",640223,"惠农县"
"2830",640301,"吴忠市辖"
"2831",640302,"利通区"
"2832",640321,"中卫县"
"2833",640322,"中宁县"
"2834",640323,"盐池县"
"2835",640324,"同心县"
"2836",640381,"青铜峡"
"2837",640382,"灵武市"
"2838",642221,"固原县"
"2839",642222,"海原县"
"2840",642223,"西吉县"
"2841",642224,"隆德县"
"2842",642225,"泾源县"
"2843",642226,"彭阳县"
"2844",650121,"乌鲁木齐"
"2845",650201,"克拉玛依市"
"2846",652101,"吐鲁番市"
"2847",652122,"鄯善县"
"2848",652123,"托克逊县"
"2849",652201,"哈密市"
"2850",652222,"巴里坤自"
"2851",652223,"伊吾县"
"2852",652301,"昌吉市"
"2853",652322,"米泉市"
"2854",652323,"呼图壁县"
"2855",652324,"玛纳斯县"
"2856",652325,"奇台县"
"2857",652326,"阜康市"
"2858",652327,"吉木萨尔"
"2859",652328,"木垒自治"
"2860",652701,"博乐市"
"2861",652722,"精河县"
"2862",652723,"温泉县"
"2863",652801,"库尔勒市"
"2864",652822,"轮台县"
"2865",652823,"尉犁县"
"2866",652824,"若羌县"
"2867",652825,"且末县"
"2868",652826,"焉耆自治"
"2869",652827,"和静县"
"2870",652828,"和硕县"
"2871",652829,"博湖县"
"2872",652901,"阿克苏市"
"2873",652922,"温宿县"
"2874",652923,"库车县"
"2875",652924,"沙雅县"
"2876",652925,"新和县"
"2877",652926,"拜城县"
"2878",652927,"乌什县"
"2879",652928,"阿瓦提县"
"2880",652929,"柯坪县"
"2881",653021,"阿图什市"
"2882",653022,"阿克陶县"
"2883",653023,"阿合奇县"
"2884",653024,"乌恰县"
"2885",653101,"喀什市"
"2886",653121,"疏附县"
"2887",653122,"疏勒县"
"2888",653123,"英吉沙县"
"2889",653124,"泽普县"
"2890",653125,"莎车县"
"2891",653126,"叶城县"
"2892",653127,"麦盖提县"
"2893",653128,"岳普湖县"
"2894",653129,"伽师县"
"2895",653130,"巴楚县"
"2896",653131,"塔什库尔"
"2897",653201,"和田市"
"2898",653221,"和田县"
"2899",653222,"墨玉县"
"2900",653223,"皮山县"
"2901",653224,"洛浦县"
"2902",653225,"策勒县"
"2903",653226,"于田县"
"2904",653227,"民丰县"
"2905",654101,"伊宁市"
"2906",654121,"伊宁县"
"2907",654122,"察布查尔"
"2908",654123,"霍城县"
"2909",654124,"巩留县"
"2910",654125,"新源县"
"2911",654126,"昭苏县"
"2912",654127,"特克斯县"
"2913",654128,"尼勒克县"
"2914",654201,"塔城市"
"2915",654221,"额敏县"
"2916",654222,"乌苏县"
"2917",654223,"沙湾县"
"2918",654224,"托里县"
"2919",654225,"裕民县"
"2920",654226,"和布克赛"
"2921",654301,"阿勒泰市"
"2922",654321,"布尔津县"
"2923",654322,"富蕴县"
"2924",654323,"福海县"
"2925",654324,"哈巴河县"
"2926",654325,"青河县"
"2927",654326,"吉木乃县"
